category	date	af.wikipedia	als.wikipedia	am.wikipedia	an.wikipedia	ar.wikipedia	ary.wikipedia	arz.wikipedia	as.wikipedia	ast.wikipedia	avk.wikipedia	ay.wikipedia	az.wikipedia	azb.wikipedia	ba.wikibooks	ba.wikipedia	ban.wikipedia	bat_smg.wikipedia	bcl.wikipedia	be.wikipedia	be_x_old.wikipedia	beta.wikiversity	bg.wikipedia	bjn.wikipedia	bm.wikipedia	bn.wikipedia	br.wikipedia	bs.wikipedia	ca.wikipedia	cdo.wikipedia	ce.wikipedia	ceb.wikipedia	chy.wikipedia	ckb.wikipedia	co.wikipedia	cs.wikibooks	cs.wikipedia	cv.wikipedia	cy.wikipedia	da.wikipedia	dag.wikipedia	de.wikibooks	de.wikipedia	de.wikiversity	din.wikipedia	diq.wikipedia	ee.wikipedia	el.wikipedia	en.wikibooks	en.wikipedia	en.wikiversity	eo.wikipedia	es.wikipedia	es.wikiversity	et.wikipedia	eu.wikipedia	fa.wikipedia	ff.wikipedia	fi.wikipedia	fj.wikipedia	fo.wikipedia	fr.wikibooks	fr.wikipedia	frr.wikipedia	fy.wikipedia	ga.wikipedia	gd.wikipedia	gl.wikipedia	gn.wikipedia	gor.wikipedia	got.wikipedia	gu.wikipedia	ha.wikipedia	he.wikipedia	hi.wikibooks	hi.wikipedia	hr.wikipedia	ht.wikipedia	hu.wikibooks	hu.wikipedia	hy.wikipedia	ia.wikipedia	iba.wikipedia	id.wikipedia	ig.wikipedia	ilo.wikipedia	incubator.wikipedia	io.wikipedia	is.wikipedia	it.wikibooks	it.wikipedia	it.wikiversity	ja.wikipedia	jv.wikipedia	ka.wikipedia	kab.wikipedia	kbd.wikipedia	kg.wikipedia	kk.wikipedia	kn.wikipedia	ko.wikipedia	koi.wikipedia	ku.wikipedia	kv.wikipedia	kw.wikipedia	ky.wikipedia	la.wikipedia	lb.wikipedia	lfn.wikipedia	lij.wikipedia	lmo.wikipedia	lt.wikipedia	lv.wikipedia	mdf.wikipedia	meta.wikipedia	mhr.wikipedia	min.wikipedia	mk.wikipedia	ml.wikipedia	mn.wikipedia	mni.wikipedia	mnw.wikipedia	mr.wikipedia	mrj.wikipedia	ms.wikipedia	mt.wikipedia	my.wikipedia	myv.wikipedia	mzn.wikipedia	ne.wikipedia	new.wikipedia	nl.wikibooks	nl.wikipedia	nn.wikipedia	no.wikipedia	oc.wikibooks	oc.wikipedia	or.wikipedia	os.wikipedia	outreach.wikipedia	pa.wikipedia	pap.wikipedia	pcd.wikipedia	pl.wikibooks	pl.wikipedia	pms.wikipedia	pnb.wikipedia	ps.wikipedia	pt.wikipedia	qu.wikipedia	rm.wikipedia	ro.wikipedia	rsk.wikipedia	ru.wikipedia	rue.wikipedia	scn.wikipedia	sco.wikipedia	sd.wikipedia	sg.wikipedia	sh.wikipedia	si.wikipedia	simple.wikipedia	sk.wikipedia	sl.wikipedia	smn.wikipedia	sources.wikipedia	species.wikipedia	sq.wikipedia	sr.wikipedia	su.wikipedia	sv.wikipedia	sw.wikipedia	szl.wikipedia	ta.wikipedia	te.wikipedia	test.wikipedia	tg.wikipedia	th.wikipedia	tl.wikipedia	tr.wikipedia	tt.wikipedia	udm.wikipedia	ug.wikipedia	uk.wikipedia	uz.wikipedia	vi.wikibooks	vi.wikipedia	wa.wikipedia	war.wikipedia	wikidata.wikidata	wuu.wikipedia	xmf.wikipedia	yo.wikipedia	za.wikipedia	zh.wikibooks	zh.wikipedia	zh_min_nan.wikipedia	zh_yue.wikipedia	zu.wikipedia
Files from the Biodiversity Heritage Library	2025-02-12	201	2	2	8	369	7	190	3	215	302	1	89	53	1	3	12	1	2	65	5	3	207	2	7	34	71	65	455	4	13	4565	1	2	10	2	231	35	857	48	5	1	1373	40	1	11	4	20	31	5173	5	94	1289	1	40	420	196	4	117	1	1	1	1430	13	11	5	1	91	3	1	1	1	36	129	1	12	281	8	37	291	74	111	2	344	6	19	8	4	33	2	725	1	488	1	18	7	1	2	82	16	1649	10	3	10	2	14	52	12	2	5	2	20	15	10	174	2	36	64	65	3	1	8	4	20	127	1	8	4	2	1	1	47	883	25	342	1	3	20	6	26	1	1	2	16	606	5	5	2	959	4	1	178	2	1175	1	8	6	2	2	6	4	25	10	68	1	24	5154	59	173	13	4281	2	7	87	2	2	5	77	11	554	2	10	1	1108	52	54	1683	3	856	15869	2	7	1	1	1	952	6	5	1
Files from the Biodiversity Heritage Library	2025-02-13	217	2	2	8	408	7	192	3	218	302	1	106	53	1	3	12	1	2	65	5	3	207	2	7	34	71	65	455	4	13	4843	1	2	10	2	231	35	857	48	5	1	1373	40	1	11	4	20	31	5173	5	94	1303	1	40	420	196	4	117	1	1	1	1441	13	11	5	1	91	3	1	1	1	36	129	1	12	281	13	37	291	74	111	2	346	6	19	8	4	33	2	725	1	488	1	18	8	1	2	82	16	1649	10	3	10	2	14	52	12	2	5	2	20	15	10	174	2	36	64	65	3	1	8	4	20	127	1	8	4	2	1	1	47	883	25	342	1	3	20	6	26	1	1	2	16	608	5	5	2	1064	4	1	182	2	1176	1	8	6	2	2	6	4	25	10	68	1	24	5162	59	173	13	4598	2	7	87	2	2	5	77	11	584	3	10	1	1109	52	54	1683	3	856	17598	2	7	1	1	1	978	6	5	1
Files from the Biodiversity Heritage Library	2025-02-14	226	2	2	8	452	7	196	3	222	302	1	181	53	1	3	12	1	2	66	5	3	207	2	8	34	71	65	457	4	13	5759	1	2	10	2	232	35	857	48	6	1	1373	40	1	11	4	20	31	5172	5	94	1325	1	40	420	196	5	117	1	1	1	1460	13	11	5	1	91	3	1	1	1	36	129	1	12	281	14	37	291	75	111	2	348	6	19	8	4	33	2	725	1	488	1	18	8	1	2	82	16	1649	10	3	10	2	14	52	12	2	5	2	20	15	10	174	2	36	64	65	3	1	8	4	20	127	1	8	4	2	1	1	47	883	25	342	1	3	20	6	26	1	1	2	16	619	5	5	2	1449	4	1	183	2	1180	1	8	6	2	2	6	4	25	10	69	1	24	5232	59	173	13	5587	2	7	87	2	2	5	77	11	742	4	10	1	1112	52	54	1683	3	856	21250	2	7	1	1	1	1017	6	5	1
Files from the Biodiversity Heritage Library	2025-02-15	226	2	2	8	451	7	196	3	222	302	1	181	53	1	3	12	1	2	66	5	3	206	2	8	34	71	65	456	4	13	5759	1	2	10	2	232	35	857	48	6	1	1373	40	1	11	4	19	31	5172	5	94	1325	1	40	419	196	5	117	1	1	1	1458	13	11	5	1	91	3	1	1	1	36	129	1	12	281	14	37	291	75	111	2	348	6	19	8	4	33	2	725	1	488	1	18	8	1	2	82	16	1649	10	3	10	2	14	52	12	2	5	2	20	15	10	174	2	36	64	65	3	1	8	4	20	127	1	8	4	2	1	1	47	883	25	341	1	3	20	6	26	1	1	2	16	619	5	5	2	1450	4	1	182	2	1179	1	8	6	2	2	6	4	25	10	69	1	24	5232	59	173	13	5587	2	7	87	2	2	5	77	11	742	4	10	1	1112	52	54	1683	3	856	21250	2	7	1	1	1	1017	6	5	1
Files from the Biodiversity Heritage Library	2025-02-16	226	2	2	8	450	7	196	3	222	302	1	181	53	1	3	12	1	2	66	5	3	206	2	8	34	71	65	456	4	13	5759	1	2	10	2	232	35	857	48	6	1	1374	40	1	11	4	19	31	5177	5	94	1325	1	40	419	196	5	117	1	1	1	1458	13	11	5	1	91	3	1	1	1	36	129	1	12	281	14	37	291	75	111	2	348	6	19	8	4	33	2	725	1	488	1	18	8	1	2	82	16	1648	10	3	10	2	14	52	12	2	5	2	20	15	10	174	2	36	64	65	3	1	8	4	20	127	1	8	4	2	1	1	47	883	25	341	1	3	20	6	26	1	1	2	16	619	5	5	2	1450	4	1	182	2	1179	1	8	6	2	2	6	4	25	10	69	1	24	5234	59	173	13	5587	2	7	87	2	2	5	77	11	742	4	10	1	1112	52	54	1683	3	856	21250	2	7	1	1	1	1017	6	5	1
Files from the Biodiversity Heritage Library	2025-02-17	226	2	2	8	450	7	196	3	222	302	1	181	53	1	3	12	1	2	66	5	3	206	2	8	34	71	65	456	4	13	5759	1	2	10	2	232	35	856	48	6	1	1374	40	1	11	4	19	31	5179	5	94	1326	1	40	419	196	5	117	1	1	1	1458	13	11	5	1	91	3	1	1	1	36	129	1	12	281	14	37	291	75	111	2	348	6	19	8	4	33	2	725	1	488	1	18	8	1	2	82	16	1648	10	3	10	2	14	52	12	2	5	2	20	15	10	174	2	36	64	65	3	1	8	4	20	127	1	8	4	2	1	1	47	883	25	341	1	3	20	6	26	1	1	2	16	619	5	5	2	1450	4	1	182	2	1179	1	8	6	2	2	6	4	25	10	69	1	24	5235	59	173	13	5587	2	7	87	2	2	5	77	11	742	4	10	1	1112	52	54	1683	3	856	21250	2	7	1	1	1	1017	6	5	1
Files from the Biodiversity Heritage Library	2025-02-18	226	2	2	8	450	7	196	3	222	302	1	181	53	1	3	12	1	2	66	5	3	206	2	8	34	71	65	456	4	13	5760	1	2	10	2	233	35	856	48	6	1	1374	40	1	11	4	19	31	5183	5	95	1328	1	40	420	197	5	117	1	1	1	1459	13	11	5	1	91	3	1	1	1	36	129	1	12	281	14	37	291	75	111	2	348	6	19	8	4	33	2	726	1	488	1	18	8	1	2	82	16	1648	10	3	10	2	14	52	12	2	5	2	20	15	10	175	2	36	64	65	3	1	8	4	21	127	1	8	4	2	1	1	47	885	26	341	1	3	20	6	26	1	1	2	16	619	5	5	2	1451	4	1	182	2	1180	1	8	6	2	2	6	4	25	10	69	1	24	5238	59	173	13	5588	2	7	87	2	2	5	77	11	744	4	10	1	1114	52	54	1683	3	856	21253	2	7	1	1	1	1017	6	5	1
Files from the Biodiversity Heritage Library	2025-02-19	226	2	2	8	450	7	196	3	222	302	1	181	53	1	3	12	1	2	66	5	3	206	2	8	34	71	65	456	4	13	5760	1	2	10	2	233	35	857	48	6	1	1373	40	1	11	4	19	31	5183	5	95	1328	1	40	420	197	5	117	1	1	1	1459	13	11	5	1	91	3	1	1	1	36	129	1	12	281	14	37	291	75	111	2	348	6	19	8	4	33	2	726	1	488	1	18	8	1	2	82	16	1648	10	3	10	2	14	52	12	2	5	2	20	15	10	175	2	36	64	65	3	1	8	4	21	127	1	8	4	2	1	1	47	885	26	341	1	3	20	6	26	1	1	2	16	619	5	5	2	1451	4	1	182	2	1181	1	8	6	2	2	6	4	25	10	69	1	24	5238	59	173	13	5588	2	7	87	2	2	5	77	11	744	4	10	1	1114	52	54	1683	3	856	21252	2	7	1	1	1	1017	6	5	1
Files from the Biodiversity Heritage Library	2025-02-20	226	2	2	8	451	7	196	3	222	302	1	181	53	1	3	12	1	2	66	5	3	206	2	8	34	71	65	456	4	13	5760	1	2	10	2	233	35	856	48	6	1	1374	40	1	11	4	19	31	5184	5	95	1328	1	40	420	197	5	117	1	1	1	1460	13	11	5	1	91	3	1	1	1	36	129	1	12	281	14	37	291	75	111	2	348	6	19	8	4	33	2	726	1	488	1	18	8	1	2	82	16	1648	10	3	10	2	14	52	12	2	5	2	20	15	10	175	2	36	64	65	3	1	8	4	21	127	1	8	4	2	1	1	47	885	26	341	1	3	20	6	26	1	1	2	16	620	5	5	2	1451	4	1	182	2	1181	1	8	6	2	2	6	4	25	10	69	1	24	5239	59	173	13	5588	2	7	87	2	2	5	77	11	744	4	10	1	1115	52	54	1683	3	856	21254	2	7	1	1	1	1017	6	5	1
Files from the Biodiversity Heritage Library	2025-03-15	227	2	2	8	456	7	200	3	222	302	1	182	53	1	3	12	1	3	66	5	3	208	2	9	34	88	65	459	4	13	5875	1	2	11	2	234	35	865	48	6	1	1379	40	1	11	4	20	31	5240	5	95	1333	1	40	438	197	5	119	1	1	1	1469	13	11	5	1	90	3	1	1	1	35	129	1	12	281	14	37	291	75	111	2	359	6	19	8	4	33	2	731	1	490	1	19	8	1	2	82	16	1648	10	3	10	2	15	53	11	2	5	2	20	15	10	209	2	36	64	65	3	1	8	4	21	138	1	8	4	2	1	1	47	891	26	341	1	3	20	6	28	1	1	2	16	626	5	5	3	1470	4	1	181	2	1193	1	8	6	2	2	6	4	25	10	69	1	24	5269	59	173	13	5700	2	7	87	2	2	5	80	11	747	4	10	1	1122	1	51	54	1683	3	856	21473	2	7	1	1	1	1018	6	5	1
Files from the Biodiversity Heritage Library	2025-03-16	227	2	2	8	456	7	200	3	222	302	1	182	53	1	3	12	1	3	66	5	3	208	2	9	34	88	65	459	4	13	5876	1	2	11	2	234	35	865	48	6	1	1379	40	1	11	4	20	31	5243	5	95	1334	1	40	438	198	5	119	1	1	1	1471	13	11	5	1	90	3	1	1	1	35	129	1	12	281	14	37	291	75	111	2	359	6	19	8	4	33	2	731	1	490	1	19	8	1	2	82	16	1648	10	3	10	2	15	53	11	2	5	2	20	15	10	209	2	36	64	65	3	1	8	4	21	138	1	8	4	2	1	1	47	892	26	341	1	3	20	6	28	1	1	2	16	626	5	5	3	1470	4	1	181	2	1193	1	8	6	2	2	6	4	25	10	69	1	24	5269	59	173	13	5700	2	7	87	2	2	5	80	11	747	4	10	1	1122	1	51	54	1683	3	856	21482	2	7	1	1	1	1018	6	5	1
Files from the Biodiversity Heritage Library	2025-03-17	227	2	2	8	458	7	202	3	222	302	1	182	53	1	3	12	1	3	66	5	3	210	2	9	34	89	65	460	4	13	5876	1	2	11	2	234	35	866	48	6	1	1378	40	1	11	4	20	31	5250	5	95	1334	1	40	440	199	5	119	1	1	1	1471	13	11	5	1	90	3	1	1	1	35	129	1	12	281	14	37	291	75	111	2	359	6	19	8	4	33	2	731	1	490	1	19	8	1	2	82	16	1648	10	3	10	2	15	53	11	2	5	2	20	15	10	209	2	36	64	65	3	1	8	4	21	138	1	8	4	2	1	1	47	892	26	341	1	3	20	6	28	1	1	2	16	627	5	5	3	1471	4	1	181	2	1193	1	8	6	2	2	6	4	25	10	69	1	24	5270	59	173	13	5700	2	7	87	2	2	5	80	11	747	4	10	1	1122	1	51	54	1683	3	856	21507	2	7	1	1	1	1019	6	5	1
Files from the Biodiversity Heritage Library	2025-03-18	227	2	2	8	458	7	202	3	222	302	1	182	53	1	3	12	1	3	66	5	3	210	2	9	34	89	65	460	4	13	5875	1	2	11	2	235	35	865	48	6	1	1377	40	1	11	4	20	31	5249	5	95	1337	1	40	440	199	5	119	1	1	1	1471	13	11	5	1	90	3	1	1	1	35	129	1	12	281	14	37	291	75	111	2	358	6	19	8	4	33	2	731	1	490	1	19	8	1	2	82	16	1648	10	3	10	2	15	53	11	2	5	2	20	15	10	209	2	36	64	65	3	1	8	4	21	141	1	8	4	2	1	1	47	892	26	341	1	3	20	6	28	1	1	2	16	627	5	5	3	1471	4	1	181	2	1193	1	8	6	2	2	6	4	25	10	69	1	24	5271	59	173	13	5699	2	7	87	2	2	5	80	11	747	4	10	1	1122	1	51	54	1683	3	856	21509	2	7	1	1	1	1019	6	5	1
Files from the Biodiversity Heritage Library	2025-03-19	227	2	2	8	459	7	202	3	222	302	1	182	53	1	3	12	1	3	66	5	3	210	2	9	34	89	65	460	4	13	5875	1	2	11	2	235	35	864	48	6	1	1377	40	1	11	4	20	31	5250	5	95	1337	1	40	439	199	5	119	1	1	1	1471	13	11	5	1	90	3	1	1	1	35	129	1	12	281	14	37	291	75	111	2	359	6	19	8	4	33	2	731	1	490	1	19	8	1	2	82	16	1648	10	3	10	2	15	53	11	2	5	2	20	15	10	211	2	36	64	65	3	1	8	4	21	142	1	8	4	2	1	1	47	892	26	341	1	3	20	6	28	1	1	2	16	627	5	5	3	1472	4	1	181	2	1193	1	8	6	2	2	6	4	25	10	69	1	24	5271	59	173	13	5698	2	7	87	2	2	5	80	11	747	4	10	1	1122	1	51	54	1683	3	856	21513	2	7	1	1	1	1018	6	5	1
Files from the Biodiversity Heritage Library	2025-03-20	227	2	2	8	459	7	203	3	222	302	1	182	53	1	3	12	1	3	66	5	3	210	2	9	34	89	65	460	4	13	5875	1	2	11	2	235	35	864	48	6	1	1377	40	1	11	4	20	31	5253	5	95	1338	1	40	439	199	5	118	1	1	1	1471	13	11	5	1	90	3	1	1	1	35	129	1	12	281	14	37	291	75	111	2	359	6	19	8	4	33	2	731	1	490	1	19	8	1	2	82	16	1648	10	3	10	2	15	53	11	2	5	2	20	15	10	211	2	36	64	65	3	1	8	4	21	142	1	8	4	2	1	1	47	892	26	341	1	3	20	6	28	1	1	2	16	627	5	5	3	1473	4	1	181	2	1193	1	8	6	2	2	6	4	25	10	69	1	24	5271	59	173	13	5698	2	7	87	2	2	5	80	11	747	4	10	1	1122	1	51	54	1683	3	856	21513	2	7	1	1	1	1018	6	5	1
Files from the Biodiversity Heritage Library	2025-03-21	227	2	2	8	459	7	203	3	222	302	1	182	53	1	3	12	1	3	66	5	3	210	2	9	34	89	65	460	4	13	5875	1	2	11	2	235	35	864	48	6	1	1377	40	1	11	4	20	31	5254	5	95	1340	1	40	439	199	5	118	1	1	1	1471	13	11	5	1	90	3	1	1	1	35	129	1	12	281	14	37	291	75	111	2	359	6	19	8	4	33	2	731	1	490	1	19	8	1	2	82	16	1648	10	3	10	2	15	53	10	2	5	2	20	15	10	211	2	36	64	65	3	1	8	4	21	142	1	8	4	2	1	1	47	892	26	341	1	3	20	6	28	1	1	2	16	627	5	5	3	1474	4	1	181	2	1193	1	8	6	2	2	6	4	25	10	69	1	24	5271	59	173	13	5698	2	7	87	2	2	5	80	11	747	4	10	1	1122	1	51	54	1683	3	856	21514	2	7	1	1	1	1018	6	5	1
Files from the Biodiversity Heritage Library	2025-03-22	227	2	2	8	459	7	203	3	222	302	1	182	53	1	3	12	1	3	66	5	3	210	2	9	34	89	65	460	4	13	5878	1	2	11	2	235	35	864	48	6	1	1377	40	1	11	4	20	31	5257	5	95	1340	1	40	439	199	5	118	1	1	1	1471	13	11	5	1	90	3	1	1	1	35	129	1	12	281	14	37	291	75	111	2	361	6	19	8	4	33	2	731	1	492	1	19	8	1	2	82	16	1648	10	3	10	2	15	53	10	2	5	2	20	15	10	211	2	37	64	65	3	1	8	4	21	142	1	8	4	2	1	1	47	894	26	341	1	3	20	6	28	1	1	2	16	627	5	5	3	1477	4	1	182	2	1195	1	8	6	2	2	6	4	25	10	69	1	24	5273	59	173	13	5702	2	7	87	2	2	5	80	11	748	4	10	1	1122	1	51	54	1684	3	857	21528	2	7	1	1	1	1018	6	5	1
Files from the Biodiversity Heritage Library	2025-03-23	227	2	2	8	459	7	203	3	222	302	1	182	53	1	3	12	1	3	66	5	3	210	2	9	34	90	65	460	4	13	5878	1	2	11	2	235	35	864	49	6	1	1377	40	1	11	4	20	31	5299	5	95	1342	1	40	439	199	5	118	1	1	1	1471	13	11	5	1	90	3	1	1	1	35	129	1	12	281	14	37	291	75	111	2	361	6	19	8	4	33	2	731	1	494	1	19	8	1	2	82	16	1648	10	3	10	2	15	53	10	2	5	2	20	15	10	211	2	37	64	65	3	1	8	4	21	142	1	8	4	2	1	1	47	894	26	341	1	3	20	6	28	1	1	2	16	627	5	5	3	1477	4	1	182	2	1195	1	8	6	2	2	6	4	25	10	69	1	24	5272	59	173	13	5702	2	7	87	2	2	5	80	11	748	4	10	1	1122	1	51	54	1684	3	857	21528	2	7	1	1	1	1018	6	5	1
Files from the Biodiversity Heritage Library	2025-03-24	227	2	2	8	459	7	203	3	222	302	1	182	53	1	3	12	1	3	66	5	3	210	2	9	34	90	65	460	4	13	5878	1	2	11	2	235	35	864	49	6	1	1378	40	1	11	4	20	31	5272	5	95	1342	1	40	439	199	5	119	1	1	1	1471	13	11	5	1	90	3	1	1	1	35	129	1	12	281	14	37	291	75	111	2	361	6	19	8	4	33	2	731	1	496	1	19	8	1	2	82	16	1648	10	3	10	2	15	53	10	2	5	2	20	15	10	211	2	37	64	65	3	1	8	4	21	142	1	8	4	2	1	1	47	894	26	341	1	3	20	6	28	1	1	2	16	627	5	5	3	1477	4	1	182	2	1195	1	8	6	2	2	6	4	25	10	69	1	24	5273	59	173	13	5702	2	7	87	2	2	5	80	11	748	4	10	1	1123	1	51	54	1684	3	857	21536	2	7	1	1	1	1018	6	5	1
Files from the Biodiversity Heritage Library	2025-03-25	227	2	2	8	459	7	203	3	222	302	1	182	53	1	3	12	1	3	66	5	3	210	2	9	34	90	65	460	4	13	5878	1	2	11	2	235	35	862	49	6	1	1378	40	1	11	4	20	31	5273	5	95	1342	1	40	440	199	5	119	1	1	1	1471	13	11	5	1	90	3	1	1	1	35	129	1	12	281	14	37	291	75	111	2	361	6	19	8	4	33	2	731	1	496	1	19	8	1	2	82	16	1648	10	3	10	2	15	53	10	2	5	2	20	15	10	211	2	37	64	65	3	1	8	4	21	142	1	8	4	2	1	1	47	896	26	341	1	3	20	6	28	1	1	2	16	627	5	5	3	1479	4	1	182	2	1195	1	8	6	2	2	6	4	25	10	69	1	24	5273	59	173	13	5702	2	7	87	2	2	5	80	11	748	4	10	1	1124	1	51	54	1685	3	857	21541	2	7	1	1	1	1018	6	5	1
Files from the Biodiversity Heritage Library	2025-03-26	226	2	2	8	459	7	202	3	222	302	1	182	53	1	3	12	1	3	66	5	3	210	2	9	34	90	65	460	4	13	5878	1	2	11	2	235	35	858	49	6	1	1379	40	1	11	4	20	31	5271	5	95	1364	1	40	440	199	5	119	1	1	1	1472	13	11	5	1	90	3	1	1	1	35	129	1	12	281	14	37	291	75	111	2	361	6	19	8	4	33	2	731	1	496	1	19	8	1	2	82	16	1648	10	3	10	2	15	53	10	2	5	2	20	15	10	280	2	37	64	65	3	1	8	4	21	142	1	8	4	2	1	1	47	896	26	341	1	3	20	6	28	1	1	2	16	627	5	5	3	1479	4	1	182	2	1195	1	8	6	2	2	6	4	25	10	69	1	24	5273	59	173	13	5701	2	7	87	2	2	5	80	11	748	4	10	1	1124	2	51	54	1685	3	857	21542	2	7	1	1	1	1018	6	5	1
Files from the Biodiversity Heritage Library	2025-03-27	226	2	2	8	459	7	202	3	222	302	1	182	53	1	3	12	1	3	66	5	3	210	2	9	34	91	65	461	4	13	5889	1	2	11	2	235	35	872	49	6	1	1380	40	1	11	4	20	31	5280	5	95	1388	1	40	441	199	5	119	1	1	1	1475	13	11	5	1	90	4	1	1	1	35	129	1	12	281	14	37	291	75	111	2	361	6	19	8	4	33	2	731	1	496	1	19	8	1	2	82	16	1648	10	3	10	2	15	53	10	2	5	2	20	15	10	289	2	37	64	65	3	1	8	4	21	142	1	8	4	2	1	1	47	896	26	342	1	3	20	6	28	1	1	2	16	628	5	5	3	1489	4	1	182	2	1195	1	8	6	2	2	6	4	25	10	69	1	24	5278	59	174	13	5713	2	7	87	2	2	5	80	11	748	4	10	1	1124	2	51	54	1695	3	868	21588	2	7	1	1	1	1019	6	5	1
Files from the Biodiversity Heritage Library	2025-03-28	226	2	2	8	460	7	202	3	225	302	1	182	53	1	3	12	1	3	66	5	3	210	2	9	34	91	65	463	4	13	5912	1	2	11	2	235	35	872	50	6	1	1380	40	1	11	4	20	31	5298	5	95	1407	1	40	443	199	5	119	1	1	1	1486	13	11	5	1	90	4	1	1	1	35	129	1	12	281	14	37	294	75	111	2	361	6	19	8	4	33	2	733	1	496	1	19	8	1	2	82	16	1648	10	3	10	2	15	53	10	2	5	2	20	15	10	315	2	37	64	65	3	1	8	4	21	142	1	8	4	2	1	1	47	895	26	342	1	3	20	6	28	1	2	2	16	629	5	5	3	1495	4	1	182	2	1195	1	8	6	2	2	6	4	25	10	69	1	24	5283	59	174	13	5734	2	7	87	2	2	5	80	11	748	4	10	1	1126	2	51	54	1720	3	893	21641	2	7	2	1	1	1020	6	5	2
Files from the Biodiversity Heritage Library	2025-03-29	228	2	2	8	464	7	203	3	226	302	1	182	53	1	3	12	1	3	66	5	3	210	2	9	34	91	65	464	4	13	5919	1	2	11	2	235	35	875	50	6	1	1379	40	1	11	4	20	31	5317	5	95	1417	1	40	443	199	5	119	1	1	1	1507	13	11	5	1	90	4	1	1	1	35	129	1	12	281	14	37	294	75	111	2	361	6	19	8	4	33	2	734	1	496	1	19	8	1	2	82	16	1648	10	3	10	2	15	53	10	1	2	5	2	20	15	10	315	2	37	64	65	3	1	8	4	21	142	1	8	4	2	1	1	47	895	26	343	1	3	20	6	28	1	2	2	16	629	5	5	3	1511	4	1	182	2	1196	1	8	6	2	2	6	4	25	10	69	1	24	5284	59	174	13	5740	2	7	87	2	2	5	80	11	748	4	10	1	1126	2	51	54	1725	3	902	21709	2	7	2	1	1	1020	6	5	2
Files from the Biodiversity Heritage Library	2025-03-30	229	2	2	8	464	7	203	3	226	302	1	182	53	1	4	12	1	3	66	5	3	210	2	9	34	93	65	464	4	13	5920	1	2	11	2	235	35	870	50	6	1	1378	40	1	11	4	20	31	5321	5	95	1421	1	40	443	199	5	119	1	1	1	1513	13	11	5	1	90	4	1	1	1	35	129	1	12	281	14	37	294	75	111	2	361	6	19	8	4	33	2	735	1	496	1	19	8	1	2	82	16	1648	10	3	10	2	15	53	10	1	2	5	2	20	15	10	315	2	37	64	65	3	1	8	4	21	142	1	8	4	2	1	1	47	895	26	343	1	3	20	6	28	1	2	2	16	629	5	5	3	1517	4	1	182	2	1196	1	8	6	2	2	6	4	25	10	69	1	24	5284	59	174	13	5742	2	7	87	2	2	5	80	11	748	5	10	1	1126	2	51	54	1725	3	903	21721	2	7	2	1	1	1020	6	5	2
Files from the Biodiversity Heritage Library	2025-03-31	236	2	2	8	469	7	203	3	226	302	1	182	53	1	4	12	1	3	66	5	3	210	2	9	34	93	65	464	4	13	5942	1	2	11	2	236	35	868	50	6	1	1380	40	1	11	4	20	31	5324	5	95	1404	1	40	443	199	5	118	1	1	1	1520	13	11	5	1	90	4	1	1	1	35	129	1	12	281	14	37	294	75	111	2	364	6	19	8	4	33	2	735	1	494	1	19	8	1	2	82	16	1648	10	3	10	2	15	53	10	1	2	5	2	20	15	10	315	2	37	64	65	3	1	8	4	21	142	1	8	4	2	1	1	47	895	26	343	1	3	20	6	28	1	2	2	16	629	5	5	3	1519	4	1	182	2	1196	1	8	6	2	2	6	4	25	10	69	1	24	5299	59	174	13	5764	2	7	87	2	2	5	80	11	748	6	10	1	1126	2	51	54	1745	3	927	21763	2	7	2	1	1	1020	6	5	2
Files from the Biodiversity Heritage Library	2025-04-01	237	2	2	8	469	7	203	3	226	302	1	182	53	1	4	12	1	3	66	5	3	210	2	9	34	93	65	465	4	13	5951	1	2	11	2	236	35	851	50	6	1	1380	40	1	11	4	20	31	5332	5	95	1403	1	40	443	199	5	118	1	1	1	1523	13	11	5	1	90	4	1	1	1	35	129	1	12	281	14	37	294	75	111	2	364	6	19	8	4	33	2	735	1	493	1	19	8	1	2	82	16	1648	10	3	10	2	15	53	10	1	2	5	2	20	15	10	315	2	37	64	65	3	1	8	4	21	142	1	8	4	2	1	1	47	895	26	343	1	3	20	6	28	1	2	2	16	629	5	6	3	1520	4	1	182	2	1196	1	8	6	2	2	6	4	25	10	69	1	24	5303	59	174	13	5771	2	7	87	2	2	5	80	11	750	6	10	1	1133	2	51	54	1749	3	928	21782	2	7	2	1	1	1020	6	5	2
Files from the Biodiversity Heritage Library	2025-04-02	238	2	2	8	469	7	203	3	226	302	1	182	53	1	4	12	1	3	66	5	3	210	2	9	34	93	65	467	4	13	5953	1	2	11	2	236	35	853	50	6	1	1380	40	1	11	4	20	31	5339	5	95	1411	1	40	445	200	5	118	1	1	1	1524	13	11	5	1	90	4	1	1	1	35	129	1	12	281	14	37	294	75	111	2	364	6	19	8	4	33	2	735	1	493	1	19	8	1	2	82	16	1648	10	3	10	2	15	53	10	1	2	5	2	20	15	10	315	2	37	64	65	3	1	8	4	21	142	1	8	4	2	1	1	47	899	26	343	1	3	20	6	28	1	2	2	16	629	5	6	3	1522	4	1	182	2	1196	1	8	6	2	2	6	4	25	10	69	1	24	5304	59	174	13	5772	2	7	87	2	2	5	80	11	750	6	10	1	1133	2	51	54	1749	3	929	21808	2	7	2	1	1	1022	6	5	2
Files from the Biodiversity Heritage Library	2025-04-03	238	2	2	8	469	7	204	3	226	302	1	182	53	1	4	12	1	3	66	5	3	211	2	9	34	94	65	469	4	13	5955	1	2	11	2	236	35	872	50	6	1	1381	40	1	11	4	20	31	5344	5	95	1413	1	40	448	200	5	118	1	1	1	1523	13	11	5	1	90	4	1	1	1	35	129	1	12	281	14	37	294	75	111	2	364	6	19	8	4	33	2	735	1	493	1	19	8	1	2	82	16	1648	10	3	10	2	15	53	10	1	2	5	2	20	15	10	350	2	37	64	65	3	1	8	4	21	142	2	8	4	2	1	1	47	900	26	343	1	3	20	6	28	1	2	2	16	630	5	6	3	1527	4	1	182	2	1196	1	8	6	2	2	6	4	25	10	69	1	24	5304	59	174	13	5772	2	7	87	2	2	5	80	11	750	6	10	1	1133	2	51	54	1749	3	929	21815	2	7	2	1	1	1023	6	5	2
Files from the Biodiversity Heritage Library	2025-04-04	238	2	2	8	469	7	204	3	226	302	1	182	53	1	4	12	1	3	66	5	3	211	2	9	34	94	65	469	4	13	5955	1	2	12	2	236	35	866	50	6	1	1381	40	1	11	4	20	31	5344	5	95	1430	1	40	448	200	5	118	1	1	1	1529	13	11	5	1	90	4	1	1	1	35	129	1	12	281	14	37	294	75	111	2	364	6	19	8	4	33	2	735	1	493	1	19	8	1	2	82	16	1648	10	3	10	2	15	53	10	1	2	5	2	20	15	10	350	2	37	64	65	3	1	8	4	21	142	2	8	4	2	1	1	47	900	26	343	1	3	20	6	28	1	2	2	16	629	5	6	3	1530	4	1	182	2	1196	1	8	6	2	2	6	4	25	10	69	1	24	5305	59	174	13	5774	2	7	87	2	2	5	80	11	750	6	10	1	1133	2	51	54	1749	3	929	21816	2	7	2	1	1	1023	6	5	2
Files from the Biodiversity Heritage Library	2025-04-05	238	2	2	8	469	7	204	3	226	302	1	182	53	1	4	12	1	3	66	5	3	211	2	9	34	94	65	469	4	13	5955	1	2	12	2	236	35	865	50	6	1	1381	40	1	11	4	20	31	5344	5	95	1430	1	40	448	200	5	118	1	1	1	1529	13	11	5	1	90	4	1	1	1	35	129	1	12	281	14	37	294	75	111	2	364	6	19	8	4	34	2	735	1	493	1	19	8	1	2	82	16	1648	10	3	10	2	15	53	10	1	2	5	2	20	15	10	351	2	37	64	65	3	1	8	4	21	142	2	8	4	2	1	1	47	900	26	343	1	3	20	6	28	1	2	2	16	629	5	6	3	1533	4	1	182	2	1196	1	8	6	2	2	6	4	25	10	69	1	24	5304	59	174	13	5774	2	7	87	2	2	5	80	11	750	6	10	1	1133	2	51	54	1749	3	929	21820	2	7	2	1	1	1023	6	5	2
Files from the Biodiversity Heritage Library	2025-04-06	238	2	2	8	469	7	204	3	226	302	1	182	53	1	4	12	1	3	66	5	3	211	2	9	34	95	65	469	4	13	5956	1	2	12	2	236	35	851	50	6	1	1380	40	1	11	4	20	31	5344	5	95	1430	1	40	448	200	5	118	1	1	1	1529	13	11	5	1	90	4	1	1	1	35	129	1	12	281	14	37	295	75	111	2	364	6	19	8	4	34	2	735	1	493	1	19	8	1	2	82	16	1648	10	3	10	2	15	54	10	1	2	5	2	20	15	10	351	2	37	64	65	3	1	8	4	21	142	2	8	4	2	1	1	47	900	26	343	1	3	20	6	28	1	2	2	16	629	5	6	3	1533	4	1	182	2	1196	1	8	6	2	2	6	4	25	10	69	1	24	5305	59	174	13	5775	2	7	87	2	2	5	80	11	750	6	10	1	1133	2	51	54	1749	3	929	21822	2	7	2	1	1	1023	6	5	2
Files from the Biodiversity Heritage Library	2025-04-07	238	2	2	8	469	7	204	3	227	302	1	182	53	1	4	12	1	3	66	5	3	211	2	9	34	95	65	470	4	13	5956	1	2	12	2	236	35	843	50	6	1	1380	40	1	11	4	20	31	5348	5	95	1433	1	47	448	200	5	118	1	1	1	1533	13	11	5	1	90	4	1	1	1	35	129	1	12	281	14	37	295	75	111	2	364	6	19	8	4	34	2	735	1	493	1	19	8	1	2	82	16	1648	10	3	10	2	15	54	10	1	2	5	2	20	15	10	351	2	37	64	65	3	1	8	4	21	142	2	8	4	2	1	1	47	900	26	343	1	3	20	6	28	1	2	2	16	629	5	6	3	1542	4	1	182	2	1196	1	8	6	2	2	6	4	25	10	69	1	24	5306	59	174	13	5775	2	7	87	2	2	5	80	11	750	7	10	1	1134	2	51	54	1749	3	929	21829	2	7	2	1	1	1023	6	5	2
Files from the Biodiversity Heritage Library	2025-04-08	239	2	2	8	469	7	204	3	227	302	1	182	53	1	4	12	1	3	66	5	3	211	2	9	34	97	65	469	4	13	5956	1	2	13	2	236	35	846	50	6	1	1381	40	1	11	4	20	31	5349	5	95	1434	1	47	447	200	5	118	1	1	1	1534	13	11	5	1	90	4	1	1	1	35	129	1	12	281	14	37	295	75	111	2	364	6	19	8	4	34	2	735	1	493	1	19	8	1	2	82	16	1648	10	3	10	2	15	54	10	1	2	5	2	20	15	10	351	2	37	64	65	3	1	8	4	21	142	2	8	4	2	1	1	47	900	26	343	1	3	20	6	28	1	2	2	16	629	5	6	3	1542	4	1	182	2	1196	1	8	6	2	2	6	4	25	10	69	1	24	5307	59	174	13	5774	2	7	87	2	2	5	80	11	749	7	10	1	1133	2	51	54	1749	3	929	21829	2	7	2	1	1	1023	6	5	2
Files from the Biodiversity Heritage Library	2025-04-09	239	2	2	8	469	7	204	3	227	302	1	182	53	1	4	12	1	3	66	5	3	211	2	9	34	97	65	469	4	13	5956	1	2	13	2	236	35	860	50	6	1	1380	40	1	11	4	20	31	5350	5	95	1434	1	47	447	200	5	118	1	1	1	1534	13	11	5	1	90	4	1	1	1	35	129	1	12	281	14	37	295	75	111	2	364	6	19	8	4	34	2	735	1	493	1	19	8	1	2	82	16	1648	10	3	10	2	15	54	10	1	2	5	2	20	15	10	421	2	37	64	65	3	1	8	4	21	142	2	8	4	2	1	1	47	902	26	343	1	3	20	6	28	1	2	2	16	629	5	6	3	1543	4	1	182	2	1196	1	8	6	2	2	6	4	25	10	69	1	24	5309	59	174	13	5774	2	7	87	2	2	5	80	11	749	7	10	1	1133	2	51	54	1749	3	929	21829	2	7	2	1	1	1023	6	5	2
Files from the Biodiversity Heritage Library	2025-04-10	239	2	2	8	469	7	204	3	227	302	1	182	53	1	4	12	1	3	66	5	3	211	2	9	34	97	65	469	4	13	5956	1	2	13	2	236	35	873	50	6	1	1380	40	1	11	4	20	31	5351	5	95	1435	1	47	447	200	5	118	1	1	1	1536	13	11	5	1	90	4	1	1	1	35	129	1	12	281	14	37	295	75	111	2	364	6	19	8	4	34	2	735	1	493	1	19	8	1	2	82	16	1648	10	3	10	2	15	54	10	1	2	5	2	20	15	10	421	2	37	64	65	3	1	8	4	21	142	2	8	4	2	1	1	47	902	26	343	1	3	20	6	28	1	2	2	16	629	5	6	3	1548	4	1	182	2	1196	1	8	6	2	2	6	4	25	10	69	1	24	5309	59	174	13	5774	2	7	87	2	2	5	80	11	749	7	10	1	1133	2	51	54	1749	3	929	21842	2	7	2	1	1	1024	6	5	2
Files from the Biodiversity Heritage Library	2025-04-11	240	2	2	8	469	7	204	3	227	302	1	182	53	1	4	12	1	3	66	5	3	211	2	9	34	98	65	469	4	13	5956	1	2	13	2	236	35	880	50	6	1	1380	40	1	11	4	20	31	5353	5	95	1448	1	47	447	200	5	118	1	1	1	1536	13	11	5	1	90	4	1	1	1	35	129	1	12	281	14	37	295	75	111	2	364	6	19	8	4	34	2	735	1	493	1	19	8	1	2	82	16	1648	10	3	10	2	15	54	10	1	2	5	2	20	15	10	421	2	37	64	65	3	1	8	4	21	144	2	8	4	2	1	1	47	903	26	343	1	3	20	6	28	1	2	2	16	629	5	6	3	1550	4	1	182	2	1196	1	8	6	2	2	6	4	25	10	69	1	24	5309	59	174	13	5774	2	7	87	2	2	5	80	11	749	7	10	1	1133	2	51	54	1749	3	929	21846	2	7	2	1	1	1025	6	5	2
Files from the Biodiversity Heritage Library	2025-04-12	240	2	2	8	469	7	204	3	227	302	1	182	53	1	4	12	1	3	66	5	3	211	2	9	34	98	65	469	4	13	5956	1	2	13	2	236	35	879	50	6	1	1380	40	1	11	4	20	31	5354	5	95	1448	1	47	447	200	5	118	1	1	1	1536	13	11	5	1	90	4	1	1	1	35	129	1	12	281	14	37	295	75	111	2	364	6	19	8	4	34	2	735	1	493	1	19	8	1	2	82	16	1648	10	3	10	2	15	54	10	1	2	5	2	20	15	10	421	2	37	64	65	3	1	8	4	21	144	2	8	4	2	1	1	47	903	26	343	1	3	20	6	28	1	2	2	16	630	5	6	3	1552	4	1	182	2	1196	1	8	6	2	2	6	4	25	10	69	1	24	5309	59	174	13	5774	2	7	87	2	2	5	80	11	749	7	10	1	1133	2	51	54	1749	3	929	21846	2	7	2	1	1	1025	6	5	2
Files from the Biodiversity Heritage Library	2025-04-13	241	2	2	8	469	7	204	3	227	302	1	182	53	1	4	12	1	3	66	5	3	211	2	9	34	98	65	469	4	13	5956	1	2	13	2	236	35	872	50	6	1	1380	40	1	11	4	20	31	5355	5	95	1448	1	47	447	200	5	118	1	1	1	1545	13	11	5	1	90	4	1	1	1	35	129	1	12	281	14	37	295	75	111	2	364	6	19	8	4	34	2	735	1	493	1	19	8	1	2	82	16	1648	10	3	10	2	15	54	10	1	2	5	2	20	15	10	421	2	37	64	65	3	1	8	4	21	144	2	8	4	2	1	1	47	904	26	343	1	3	20	6	28	1	2	2	16	630	5	6	3	1552	4	1	182	2	1196	1	8	6	2	2	6	4	25	10	69	1	24	5309	59	174	13	5774	2	7	87	2	2	5	80	11	749	7	10	1	1133	2	51	54	1749	3	929	21846	2	7	2	1	1	1025	6	5	2
Files from the Biodiversity Heritage Library	2025-04-14	241	2	2	8	469	7	204	3	227	302	1	182	53	1	4	12	1	3	66	5	3	211	2	9	34	98	65	469	4	13	5956	1	2	13	2	236	35	874	50	6	1	1381	40	1	11	4	20	31	5367	5	95	1448	1	47	447	200	5	119	1	1	1	1547	13	11	5	1	90	4	1	1	1	35	129	1	12	281	14	37	295	75	111	2	364	6	19	8	4	34	2	735	1	493	1	19	8	1	2	82	16	1648	10	3	10	2	15	54	10	1	2	5	2	20	15	10	425	2	37	64	65	3	1	8	4	21	144	2	8	4	2	1	1	47	904	26	343	1	3	20	6	28	1	2	2	16	630	5	6	3	1552	4	1	182	2	1202	1	8	6	2	2	6	4	25	10	69	1	24	5309	59	174	13	5774	2	7	87	2	2	5	80	11	749	7	10	1	1133	2	51	54	1749	3	929	21847	2	7	2	1	1	1025	6	5	2
Files from the Biodiversity Heritage Library	2025-04-15	241	2	2	8	469	7	204	3	227	302	1	182	53	1	4	12	1	3	66	5	3	211	2	9	34	99	65	468	4	13	5956	1	2	13	2	236	35	876	50	6	1	1382	40	1	11	4	20	31	5366	5	95	1448	1	47	446	200	5	119	1	1	1	1547	13	11	5	1	90	4	1	1	1	35	129	1	12	281	14	37	295	75	111	2	364	6	19	8	4	34	2	735	1	493	1	19	8	1	2	82	16	1648	10	3	10	2	15	54	10	1	2	5	2	20	15	10	425	2	37	64	65	3	1	8	4	21	144	2	8	4	2	1	1	47	904	26	343	1	3	20	6	28	1	2	2	16	630	5	6	3	1554	4	1	182	2	1202	1	8	6	2	2	6	4	25	10	69	1	24	5308	59	174	13	5774	2	7	87	2	2	5	80	11	749	7	10	1	1133	2	51	54	1749	3	929	21848	2	7	2	1	1	1024	6	5	2
Files from the Biodiversity Heritage Library	2025-04-16	241	2	2	8	469	7	204	3	227	302	1	182	53	1	4	12	1	3	66	5	3	211	2	9	34	100	65	468	4	13	5956	1	2	13	2	236	35	848	50	6	1	1381	40	1	11	4	20	31	5368	5	95	1448	1	47	446	201	5	119	1	1	1	1548	13	11	5	1	90	4	1	1	1	35	129	1	12	281	14	37	295	75	111	2	365	6	19	8	4	34	2	734	1	493	1	19	8	1	2	82	16	1648	10	3	10	2	15	54	10	1	2	5	2	20	15	10	425	2	37	64	65	3	1	8	4	21	144	2	8	4	2	1	1	47	904	26	343	1	3	20	6	28	1	2	2	16	630	5	6	3	1554	4	1	182	2	1202	1	8	6	2	2	6	4	25	10	69	1	24	5308	59	174	13	5774	2	7	87	2	2	5	80	11	749	7	10	1	1133	2	51	54	1749	3	929	21848	2	7	2	1	1	1024	6	5	2
Files from the Biodiversity Heritage Library	2025-04-17	241	2	2	8	469	7	205	3	227	302	1	182	53	1	4	12	1	3	66	5	3	211	2	9	34	100	65	468	4	13	5989	1	2	13	2	236	35	848	50	6	1	1381	40	1	11	4	20	31	5368	5	95	1449	1	47	446	201	5	119	1	1	1	1554	13	11	5	1	90	4	1	1	1	35	129	1	12	281	14	37	295	75	111	2	365	6	19	8	4	34	2	734	1	493	1	19	8	1	2	82	16	1648	10	3	10	2	15	54	10	1	2	5	2	20	15	10	425	2	37	64	65	3	1	8	4	21	144	2	8	4	2	1	1	47	904	26	345	1	3	20	6	28	1	2	2	16	630	5	6	3	1555	4	1	182	2	1204	1	8	6	2	2	6	4	25	10	69	1	24	5362	59	174	13	5796	2	7	87	2	2	5	80	11	756	7	10	1	1133	2	51	54	1749	3	929	21902	2	7	2	1	1	1024	6	5	2
Files from the Biodiversity Heritage Library	2025-04-18	241	2	2	8	469	7	205	3	227	302	1	182	53	1	4	12	1	3	66	5	3	211	2	9	34	100	65	468	4	13	6002	1	2	13	2	236	35	860	50	6	1	1382	40	1	11	4	20	31	5369	5	95	1449	1	47	446	201	5	119	1	1	1	1555	13	11	5	1	90	4	1	1	1	35	129	1	12	281	14	37	295	75	111	2	366	6	19	8	4	34	2	734	1	493	1	19	8	1	2	82	16	1648	10	3	10	2	15	54	10	1	2	5	2	20	15	10	425	2	37	64	65	3	1	8	4	21	144	2	8	4	2	1	1	47	904	26	347	1	3	20	6	28	1	2	2	16	631	5	6	3	1555	4	1	182	2	1204	1	8	6	2	2	6	4	25	10	69	1	24	5377	59	174	13	5804	2	7	87	2	2	5	80	11	760	7	10	1	1133	2	51	54	1749	3	929	21915	2	7	2	1	1	1025	6	5	2
Files from the Biodiversity Heritage Library	2025-04-19	241	2	2	8	469	7	205	3	227	302	1	182	53	1	4	12	1	3	66	5	3	211	2	9	34	100	65	468	4	13	6003	1	2	13	2	236	35	889	50	6	1	1382	40	1	11	4	20	31	5373	5	95	1449	1	47	448	201	5	119	1	1	1	1553	13	11	5	1	91	4	1	1	1	35	129	1	12	281	14	37	295	75	111	2	366	6	19	8	4	34	2	734	1	493	1	19	8	1	2	82	16	1648	10	3	10	2	15	54	10	1	2	5	2	20	15	10	425	2	37	64	65	3	1	8	4	21	144	2	8	4	2	1	1	47	905	26	347	1	3	20	6	28	1	2	2	16	631	5	6	3	1559	4	1	182	2	1204	1	8	6	2	2	6	4	25	10	69	1	24	5377	59	174	13	5805	2	7	87	2	2	5	80	11	760	7	10	1	1133	2	51	54	1749	3	929	21950	2	7	2	1	1	1027	6	5	2
Files from the Biodiversity Heritage Library	2025-04-20	241	2	2	8	470	7	205	3	227	302	1	182	53	1	4	12	1	3	66	5	3	211	2	9	34	102	65	468	4	13	6006	1	2	13	2	236	35	875	50	6	1	1382	40	1	11	4	20	31	5380	5	95	1449	1	47	448	209	5	119	1	1	1	1554	13	11	5	1	91	4	1	1	1	35	129	1	12	281	14	37	295	75	111	2	366	6	19	8	4	34	2	735	1	493	1	19	8	1	2	82	16	1648	10	3	10	2	15	54	10	1	2	5	2	20	15	10	425	2	37	64	65	3	1	8	4	21	144	2	8	4	2	1	1	47	905	26	347	1	3	20	6	28	1	2	2	16	631	5	6	3	1559	4	1	182	2	1204	1	8	6	2	2	6	4	24	10	69	1	24	5377	59	174	13	5806	2	7	87	2	2	5	80	11	760	7	10	1	1134	2	51	54	1749	3	929	21965	2	7	2	1	1	1028	6	5	2
Files from the Biodiversity Heritage Library	2025-04-21	241	2	2	8	471	7	205	3	227	302	1	182	53	1	4	12	1	3	66	5	3	211	2	9	34	102	65	468	4	13	6007	1	2	13	2	236	35	872	50	6	1	1382	40	1	11	4	20	31	5384	5	95	1450	1	47	448	209	5	119	1	1	1	1554	13	11	5	1	91	4	1	1	1	35	129	1	12	281	14	37	295	75	111	2	367	6	19	8	4	34	2	735	1	493	1	19	8	1	2	82	16	1648	10	3	10	2	15	54	10	1	2	5	2	20	15	10	426	2	37	64	65	3	1	8	4	21	144	2	8	4	2	1	1	47	926	26	347	1	3	20	6	28	1	2	2	16	631	5	6	3	1560	4	1	182	2	1203	1	8	6	2	2	6	4	24	10	69	1	24	5377	59	174	13	5806	3	7	87	2	2	5	80	11	760	7	10	1	1134	2	51	54	1749	3	929	21969	2	7	2	1	1	1027	6	5	2
Files from the Biodiversity Heritage Library	2025-04-22	241	2	2	8	471	7	205	3	227	302	1	182	53	1	4	12	1	3	66	5	3	211	2	9	34	102	65	468	4	13	6008	1	2	13	2	236	35	861	50	6	1	1382	40	1	11	4	20	31	5384	5	95	1450	1	47	448	209	5	119	1	1	1	1553	13	12	7	1	91	4	1	1	1	35	129	1	12	281	14	37	295	75	111	2	367	6	19	8	4	34	2	735	1	493	1	19	8	1	2	82	16	1648	10	3	10	2	15	54	10	1	2	5	2	20	15	10	426	2	37	64	65	3	1	8	4	21	144	2	8	4	2	1	1	47	1023	26	347	1	3	20	6	28	1	2	2	16	631	5	6	3	1560	4	1	182	2	1203	1	8	6	2	2	6	4	24	10	69	1	24	5377	59	174	13	5806	3	7	87	3	2	5	80	11	760	7	10	1	1134	2	51	54	1749	3	929	21985	2	7	2	1	1	1027	6	5	2
Files from the Biodiversity Heritage Library	2025-04-23	241	2	2	8	471	7	205	3	227	302	1	182	53	1	4	12	1	3	66	5	3	211	2	9	34	102	65	468	4	13	6010	1	2	13	2	237	35	833	50	6	1	1383	40	1	11	4	20	31	5385	5	95	1452	1	47	448	209	5	119	1	1	1	1553	13	12	7	1	91	4	1	1	1	35	129	1	12	281	14	37	295	75	111	2	366	6	19	8	4	34	2	735	1	493	1	19	8	1	2	82	16	1648	10	3	10	2	15	54	10	1	2	5	2	20	15	10	426	2	37	64	65	3	1	8	4	21	144	2	8	4	2	1	1	47	1183	26	347	1	3	20	6	28	1	2	2	16	631	5	6	3	1560	4	1	182	2	1203	1	8	6	2	2	6	4	24	10	69	1	24	5377	59	174	13	5807	3	7	87	3	2	5	80	11	760	7	10	1	1134	2	51	54	1749	3	929	22000	2	7	2	1	1	1027	6	5	2
Files from the Biodiversity Heritage Library	2025-04-24	241	2	2	8	471	7	205	3	227	302	1	182	53	1	4	12	1	3	66	5	3	211	2	9	34	102	65	468	4	13	6013	1	2	13	2	237	35	836	50	6	1	1383	40	1	11	4	20	31	5386	5	95	1452	1	47	448	209	5	119	1	1	1	1552	13	13	7	1	91	4	1	1	1	35	129	1	12	281	14	37	295	75	111	2	366	6	19	8	4	34	2	735	1	493	1	19	8	1	2	82	16	1648	10	3	10	2	15	54	10	1	2	5	2	20	15	10	426	2	37	64	65	3	1	8	4	21	144	2	8	4	2	1	1	47	1200	26	347	1	3	20	6	28	1	2	2	16	631	5	6	3	1561	4	1	182	2	1203	1	8	6	2	2	6	4	24	10	69	1	24	5378	59	174	13	5808	3	7	87	3	2	5	80	11	760	7	10	1	1134	2	51	54	1749	3	929	22013	2	7	2	1	1	1027	6	5	2
Files from the Biodiversity Heritage Library	2025-04-25	241	2	2	8	471	7	205	3	227	302	1	183	53	1	4	12	1	3	66	5	3	211	2	9	34	102	65	468	4	13	6014	1	2	13	2	238	35	826	50	6	1	1382	40	1	11	4	20	31	5387	5	95	1452	1	47	448	209	5	119	1	1	1	1553	13	15	7	1	91	4	1	1	1	35	129	1	12	281	14	37	295	75	111	2	367	6	19	8	4	34	2	735	1	493	1	19	8	1	2	82	16	1648	10	3	10	2	15	54	10	1	2	5	2	20	15	10	426	2	37	64	65	3	1	8	4	21	144	2	8	4	2	1	1	47	1201	26	347	1	3	20	6	28	1	2	2	16	631	5	6	3	1562	4	1	182	2	1203	1	8	6	2	2	6	4	24	10	69	1	24	5378	59	174	13	5810	3	7	87	3	2	5	80	11	760	7	10	1	1134	2	51	54	1749	3	929	22014	2	7	2	1	1	1028	6	5	2
Files from the Biodiversity Heritage Library	2025-04-26	241	2	2	8	471	7	205	3	227	302	1	183	53	1	4	12	1	3	66	5	3	211	2	9	34	102	65	468	4	13	6015	1	2	13	2	238	35	825	50	6	1	1382	40	1	11	4	20	31	5389	5	95	1453	1	47	448	209	5	119	1	1	1	1553	13	15	7	1	91	4	1	1	1	35	129	1	12	281	14	37	295	75	111	2	367	6	19	8	4	34	2	735	1	493	1	19	8	1	2	82	16	1648	10	3	10	2	15	54	10	1	2	5	2	20	15	10	426	2	37	64	65	3	1	8	4	21	144	2	8	4	2	1	1	47	1223	26	347	1	3	20	6	28	1	2	2	16	631	5	6	3	1562	4	1	182	2	1203	1	8	6	2	2	6	4	24	10	69	1	24	5379	59	174	13	5810	3	7	87	3	2	5	80	11	760	7	10	1	1135	2	51	54	1749	3	929	22014	2	7	2	1	1	1028	6	5	2
Files from the Biodiversity Heritage Library	2025-04-27	241	2	2	8	471	7	205	4	227	302	1	183	53	1	4	12	1	3	66	5	3	211	2	9	34	102	65	468	4	13	6015	1	2	13	2	238	35	859	50	6	1	1383	40	1	11	4	20	31	5392	5	95	1453	1	47	448	209	5	119	1	1	1	1562	13	15	7	1	91	4	1	1	1	35	129	1	12	281	14	37	295	75	111	2	367	6	19	8	4	34	2	735	1	493	1	19	8	1	2	82	16	1648	10	3	10	2	15	54	10	1	2	5	2	20	15	10	426	2	37	64	65	3	1	8	4	21	144	2	8	4	2	1	1	47	1232	26	347	1	3	20	6	28	1	2	2	16	631	5	6	3	1562	4	1	182	2	1203	1	8	6	2	2	6	4	24	10	69	1	24	5379	59	174	13	5810	3	7	87	3	2	5	80	11	760	7	10	1	1135	2	51	54	1749	3	929	22014	2	7	2	1	1	1028	6	5	2
Files from the Biodiversity Heritage Library	2025-04-28	241	2	2	8	471	7	205	4	227	302	1	183	53	1	4	12	1	3	66	5	3	211	2	9	34	102	65	468	4	13	6015	1	2	13	2	238	35	862	50	6	1	1383	40	1	11	4	20	31	5395	5	95	1453	1	47	448	209	5	119	1	1	1	1562	13	15	7	1	91	4	1	1	1	35	129	1	12	281	14	37	295	75	111	2	367	6	19	8	4	34	2	735	1	493	1	19	8	1	2	82	16	1648	10	3	10	2	15	54	10	1	2	5	2	20	15	10	426	2	37	64	65	3	1	8	4	21	144	2	8	4	2	1	1	47	1253	26	347	1	3	20	6	28	1	2	2	16	631	5	6	3	1562	4	1	182	2	1203	1	8	6	1	2	6	4	24	10	69	1	24	5379	59	174	13	5810	3	7	87	3	2	5	80	11	760	7	10	1	1135	2	51	54	1749	3	929	22014	2	7	2	1	1	1028	6	5	2
Files from the Biodiversity Heritage Library	2025-04-29	242	2	2	8	471	7	205	4	227	302	1	183	53	1	4	12	1	3	66	5	3	211	2	9	34	102	65	468	4	13	6015	1	2	13	2	238	35	873	50	6	1	1383	40	1	11	4	20	31	5395	5	95	1454	1	47	448	209	5	119	1	1	1	1563	13	16	7	1	91	4	1	1	1	35	129	1	12	281	14	37	295	75	1	111	2	367	6	19	8	4	34	2	735	1	493	1	19	8	1	2	82	16	1648	10	3	10	2	15	54	10	1	2	5	2	20	15	10	426	2	37	64	65	3	1	8	4	21	144	2	8	4	2	1	1	47	1254	26	347	1	3	20	6	29	1	2	2	16	630	5	6	3	1562	4	1	182	2	1203	1	8	6	1	2	6	4	24	10	69	1	24	5378	59	174	13	5810	3	7	87	3	2	5	80	11	760	7	10	1	1135	2	51	54	1749	3	929	22014	2	7	2	1	1	1028	6	5	2
Files from the Biodiversity Heritage Library	2025-04-30	242	2	2	8	471	7	206	4	227	302	1	183	53	1	4	12	1	3	66	5	3	212	2	9	34	102	65	469	4	13	6015	1	2	13	2	238	35	871	50	6	1	1383	40	1	11	4	20	31	5397	5	95	1454	1	47	448	209	5	119	1	1	1	1563	13	16	7	1	91	4	1	1	1	35	129	1	12	281	14	37	295	75	1	111	2	367	6	19	8	4	34	2	737	1	493	1	19	8	1	2	82	16	1648	10	3	10	2	15	54	10	1	2	5	2	20	15	12	426	2	37	64	65	3	1	8	4	21	144	2	8	4	2	1	1	47	1266	26	347	1	3	20	6	29	1	2	2	16	630	5	6	3	1562	4	1	182	2	1203	1	8	6	1	2	6	4	24	10	69	1	24	5380	59	174	13	5810	3	7	87	3	2	5	80	11	760	7	10	1	1135	2	51	54	1749	3	929	22015	2	7	2	1	1	1028	6	5	2
Files from the Biodiversity Heritage Library	2025-05-01	242	2	2	8	471	7	206	4	227	302	1	183	53	1	4	12	1	3	66	5	3	212	2	9	34	102	65	469	4	13	6015	1	2	13	2	238	35	873	50	6	1	1383	40	1	11	4	20	31	5397	5	95	1454	1	47	448	209	5	119	1	1	1	1564	13	16	7	1	91	4	1	1	1	35	129	1	12	281	14	37	295	75	1	111	2	367	6	19	8	4	34	2	737	1	493	1	19	8	1	2	82	16	1648	10	3	10	2	15	54	10	1	2	5	2	20	15	12	426	2	37	64	65	3	1	8	4	21	144	2	8	4	2	1	1	47	1319	26	347	1	3	20	6	29	1	2	2	16	630	5	6	3	1562	4	1	182	2	1203	1	8	6	1	2	6	4	24	10	69	1	24	5381	59	174	13	5810	3	7	87	3	2	5	80	11	760	7	10	1	1135	2	51	54	1749	3	929	22015	2	7	2	1	1	1028	6	5	2
Files from the Biodiversity Heritage Library	2025-05-02	243	2	2	8	472	7	206	4	227	302	1	183	53	1	4	12	1	3	66	5	3	212	2	9	34	102	65	469	4	13	6015	1	2	13	2	238	35	873	50	6	1	1384	40	1	11	4	20	31	5398	5	95	1454	1	47	448	209	5	119	1	1	1	1563	13	16	7	1	91	4	1	1	1	35	129	1	12	281	14	37	295	75	1	111	2	368	6	19	8	4	34	2	738	1	493	1	19	8	1	2	82	16	1648	10	3	10	2	15	54	10	1	2	5	2	20	16	12	426	2	37	64	65	3	1	8	4	21	144	2	8	4	2	2	1	47	1317	26	347	1	3	20	6	29	1	2	2	16	630	5	6	3	1562	4	1	182	2	1203	1	8	6	1	2	6	4	24	10	69	1	24	5383	59	174	13	5810	3	7	87	3	2	5	80	11	760	7	10	1	1135	2	51	54	1749	3	929	22015	2	7	2	1	1	1028	6	5	2
Files from the Biodiversity Heritage Library	2025-05-03	244	2	2	8	472	7	207	4	227	302	1	183	53	1	4	12	1	3	66	5	3	212	2	9	34	102	65	469	4	13	6016	1	2	13	2	238	35	875	50	6	1	1384	40	1	11	4	20	31	5402	5	95	1466	1	47	448	209	5	119	1	1	1	1563	13	16	7	1	91	4	1	1	1	35	129	1	12	281	14	37	295	75	1	111	2	368	6	19	8	4	34	2	738	1	493	1	19	8	1	2	82	16	1648	10	3	10	2	15	54	10	1	2	5	2	20	16	13	426	2	37	64	65	3	1	8	4	21	144	2	8	4	2	2	1	47	1318	26	347	1	3	20	6	29	1	2	2	16	630	5	6	3	1563	4	1	182	2	1204	1	8	6	1	2	6	4	24	10	69	1	24	5383	59	174	13	5810	3	7	87	3	2	5	80	11	760	7	10	1	1136	2	51	54	1749	3	929	22017	2	7	2	1	1	1028	6	5	2
Files from the Biodiversity Heritage Library	2025-05-04	244	2	2	8	472	7	207	4	227	302	1	183	53	1	4	12	1	3	66	5	3	212	2	9	34	102	65	469	4	13	6016	1	2	13	2	238	35	875	50	6	1	1385	40	1	11	4	20	31	5405	5	95	1467	1	47	448	210	5	119	1	1	1	1563	13	16	7	1	91	4	1	1	1	35	129	1	12	281	14	37	295	75	1	111	2	368	6	19	8	4	34	2	738	1	493	1	19	8	1	2	82	16	1648	10	3	10	2	15	54	10	1	2	5	2	20	16	14	426	2	37	64	65	3	1	8	4	21	144	2	8	4	2	2	1	47	1318	26	347	1	3	20	6	29	1	2	2	16	630	5	6	3	1563	4	1	182	2	1204	1	8	6	1	2	6	4	24	10	69	1	24	5382	59	174	13	5810	3	7	87	3	2	5	80	11	760	7	10	1	1136	2	51	54	1749	3	929	22018	2	7	2	1	1	1030	6	5	2
Files from the Biodiversity Heritage Library	2025-05-05	246	2	2	8	472	7	207	4	227	302	1	183	53	1	4	12	1	3	66	5	3	212	2	9	34	102	65	469	4	13	6016	1	2	13	2	238	35	875	50	6	1	1385	40	1	11	4	20	31	5407	5	95	1475	1	47	448	210	5	119	1	1	1	1563	13	16	7	1	91	4	1	1	1	35	129	1	12	281	14	37	295	75	1	111	2	368	6	19	8	4	34	2	738	1	493	1	19	8	1	2	82	16	1648	10	3	10	2	15	54	10	1	2	5	2	20	16	14	426	2	37	64	65	3	1	8	4	21	144	2	8	4	2	2	1	47	1318	26	347	1	3	20	6	29	1	2	2	16	630	5	6	3	1562	4	1	182	2	1203	1	8	6	1	2	6	4	24	10	69	1	24	5381	59	174	13	5810	3	7	87	3	2	5	80	11	760	7	10	1	1131	2	51	54	1749	3	929	22017	2	7	2	1	1	1030	6	5	2
Files from the Biodiversity Heritage Library	2025-05-06	246	2	2	8	472	7	207	4	227	302	1	183	53	1	4	12	1	3	66	5	3	212	2	9	34	102	65	469	4	13	6016	1	2	13	2	239	35	874	50	6	1	1385	40	1	11	4	20	31	5407	5	95	1475	1	47	448	210	5	119	1	1	1	1563	13	16	7	1	91	4	1	1	1	35	129	1	12	281	14	37	295	75	1	111	2	367	6	19	8	4	34	2	738	1	493	1	19	8	1	2	82	16	1648	10	3	10	2	15	54	10	1	2	5	2	20	16	14	426	2	37	64	65	3	1	8	4	21	144	2	8	4	2	2	1	47	1318	26	347	1	3	20	6	29	1	2	2	16	630	5	6	3	1562	4	1	182	2	1203	1	8	6	1	2	6	4	24	10	69	1	24	5382	59	174	13	5810	3	7	87	3	2	5	80	11	760	7	10	1	1136	2	51	54	1749	3	929	22017	2	7	2	1	1	1030	6	5	2
Files from the Biodiversity Heritage Library	2025-05-07	245	2	2	8	472	7	207	4	227	302	1	183	53	1	4	12	1	3	66	5	3	212	2	9	34	102	65	469	4	13	6014	1	2	13	2	239	35	878	50	6	1	1385	40	1	11	4	20	31	5410	5	95	1483	1	47	448	210	5	119	1	1	1	1563	13	16	7	1	91	4	1	1	1	35	129	1	12	281	14	37	295	75	1	111	2	367	6	19	8	4	34	2	738	1	493	1	19	8	1	2	82	16	1648	10	3	10	2	15	54	10	1	2	5	2	20	16	15	426	2	37	64	65	3	1	8	4	21	144	2	8	4	2	2	1	47	1318	26	347	1	3	20	6	29	1	2	2	16	630	5	6	3	1562	4	1	182	2	1203	1	8	6	1	2	6	4	24	10	69	1	24	5381	59	174	13	5809	3	7	87	3	2	5	80	11	760	7	10	1	1136	2	51	54	1749	3	929	22015	2	7	2	1	1	1030	6	5	2
Files from the Biodiversity Heritage Library	2025-05-08	245	2	2	8	472	7	207	4	227	302	1	183	53	1	4	12	1	3	66	5	3	212	2	9	34	102	65	469	4	13	6014	1	2	13	2	239	35	892	50	6	1	1385	40	1	11	4	20	31	5410	5	95	1483	1	47	448	210	5	119	1	1	1	1563	13	16	7	1	91	4	1	1	1	35	129	1	12	281	14	37	295	75	1	111	2	382	6	19	8	4	34	2	738	1	493	1	19	8	1	2	82	16	1648	10	3	10	2	15	54	10	1	2	5	2	20	16	15	426	2	37	64	65	3	1	8	4	21	144	2	8	4	2	2	1	47	1317	26	347	1	3	20	6	29	1	2	2	16	630	5	6	3	1562	4	1	182	2	1203	1	8	6	1	2	6	4	24	10	69	1	24	5379	59	174	13	5809	3	7	87	3	2	5	80	11	760	7	10	1	1136	2	51	54	1749	3	929	22035	2	7	2	1	1	1030	6	5	2
Files from the Biodiversity Heritage Library	2025-05-09	245	2	2	8	472	7	207	4	227	302	1	183	53	1	4	12	1	3	66	5	3	212	2	9	34	102	65	469	4	13	6013	1	2	13	2	239	35	891	50	6	1	1388	40	1	11	4	20	31	5413	5	95	1483	1	47	448	210	5	119	1	1	1	1563	13	16	7	1	91	4	1	1	1	35	129	1	12	281	14	37	295	75	1	111	2	382	6	19	8	4	34	2	738	1	493	1	19	8	1	2	82	16	1648	10	3	10	2	15	54	10	1	2	5	2	20	16	15	426	2	37	64	65	3	1	8	4	21	144	2	8	4	2	2	1	47	1316	26	347	1	3	20	6	29	1	2	2	16	630	5	6	3	1565	4	1	182	2	1202	1	8	6	1	2	6	4	24	10	69	1	24	5379	59	174	13	5808	3	7	87	3	2	5	80	11	760	7	10	1	1136	2	51	54	1749	3	929	22035	2	7	2	1	1	1030	6	5	2
